id,province,city,gender,age,status,watch_start_hour,watch_end_hour,message,source
1,DKI Jakarta,,,,,,,,youtube
2,DKI Jakarta,,,,,,,,youtube
3,DKI Jakarta,,,,,,,,youtube
4,DKI Jakarta,,,,,,,,youtube
5,DKI Jakarta,,,,,,,,youtube
6,DKI Jakarta,,,,,,,,youtube
7,DKI Jakarta,,,,,,,,youtube
8,DKI Jakarta,,,,,,,,youtube
9,DKI Jakarta,,,,,,,,youtube
10,DKI Jakarta,,,,,,,,youtube
11,DKI Jakarta,,,,,,,,youtube
12,DKI Jakarta,,,,,,,,youtube
13,DKI Jakarta,,,,,,,,youtube
14,DKI Jakarta,,,,,,,,youtube
15,DKI Jakarta,,,,,,,,youtube
16,DKI Jakarta,,,,,,,,youtube
17,DKI Jakarta,,,,,,,,youtube
18,DKI Jakarta,,,,,,,,youtube
19,DKI Jakarta,,,,,,,,youtube
20,DKI Jakarta,,,,,,,,youtube
21,DKI Jakarta,,,,,,,,youtube
22,DKI Jakarta,,,,,,,,youtube
23,DKI Jakarta,,,,,,,,youtube
24,DKI Jakarta,,,,,,,,youtube
25,DKI Jakarta,,,,,,,,youtube
26,DKI Jakarta,,,,,,,,youtube
27,DKI Jakarta,,,,,,,,youtube
28,DKI Jakarta,,,,,,,,youtube
29,DKI Jakarta,,,,,,,,youtube
30,DKI Jakarta,,,,,,,,youtube
31,DKI Jakarta,,,,,,,,youtube
32,DKI Jakarta,,,,,,,,youtube
33,DKI Jakarta,,,,,,,,youtube
34,DKI Jakarta,,,,,,,,youtube
35,DKI Jakarta,,,,,,,,youtube
36,DKI Jakarta,,,,,,,,youtube
37,DKI Jakarta,,,,,,,,youtube
38,DKI Jakarta,,,,,,,,youtube
39,DKI Jakarta,,,,,,,,youtube
40,DKI Jakarta,,,,,,,,youtube
41,DKI Jakarta,,,,,,,,youtube
42,DKI Jakarta,,,,,,,,youtube
43,DKI Jakarta,,,,,,,,youtube
44,DKI Jakarta,,,,,,,,youtube
45,DKI Jakarta,,,,,,,,youtube
46,DKI Jakarta,,,,,,,,youtube
47,DKI Jakarta,,,,,,,,youtube
48,DKI Jakarta,,,,,,,,youtube
49,DKI Jakarta,,,,,,,,youtube
50,DKI Jakarta,,,,,,,,youtube
51,DKI Jakarta,,,,,,,,youtube
52,DKI Jakarta,,,,,,,,youtube
53,DKI Jakarta,,,,,,,,youtube
54,DKI Jakarta,,,,,,,,youtube
55,DKI Jakarta,,,,,,,,youtube
56,DKI Jakarta,,,,,,,,youtube
57,DKI Jakarta,,,,,,,,youtube
58,DKI Jakarta,,,,,,,,youtube
59,DKI Jakarta,,,,,,,,youtube
60,DKI Jakarta,,,,,,,,youtube
61,DKI Jakarta,,,,,,,,youtube
62,DKI Jakarta,,,,,,,,youtube
63,DKI Jakarta,,,,,,,,youtube
64,DKI Jakarta,,,,,,,,youtube
65,DKI Jakarta,,,,,,,,youtube
66,DKI Jakarta,,,,,,,,youtube
67,DKI Jakarta,,,,,,,,youtube
68,DKI Jakarta,,,,,,,,youtube
69,DKI Jakarta,,,,,,,,youtube
70,DKI Jakarta,,,,,,,,youtube
71,DKI Jakarta,,,,,,,,youtube
72,DKI Jakarta,,,,,,,,youtube
73,DKI Jakarta,,,,,,,,youtube
74,DKI Jakarta,,,,,,,,youtube
75,DKI Jakarta,,,,,,,,youtube
76,DKI Jakarta,,,,,,,,youtube
77,DKI Jakarta,,,,,,,,youtube
78,DKI Jakarta,,,,,,,,youtube
79,DKI Jakarta,,,,,,,,youtube
80,DKI Jakarta,,,,,,,,youtube
81,DKI Jakarta,,,,,,,,youtube
82,DKI Jakarta,,,,,,,,youtube
83,DKI Jakarta,,,,,,,,youtube
84,DKI Jakarta,,,,,,,,youtube
85,DKI Jakarta,,,,,,,,youtube
86,DKI Jakarta,,,,,,,,youtube
87,DKI Jakarta,,,,,,,,youtube
88,DKI Jakarta,,,,,,,,youtube
89,DKI Jakarta,,,,,,,,youtube
90,DKI Jakarta,,,,,,,,youtube
91,DKI Jakarta,,,,,,,,youtube
92,DKI Jakarta,,,,,,,,youtube
93,DKI Jakarta,,,,,,,,youtube
94,DKI Jakarta,,,,,,,,youtube
95,DKI Jakarta,,,,,,,,youtube
96,DKI Jakarta,,,,,,,,youtube
97,DKI Jakarta,,,,,,,,youtube
98,DKI Jakarta,,,,,,,,youtube
99,DKI Jakarta,,,,,,,,youtube
100,DKI Jakarta,,,,,,,,youtube
101,DKI Jakarta,,,,,,,,youtube
102,DKI Jakarta,,,,,,,,youtube
103,DKI Jakarta,,,,,,,,youtube
104,DKI Jakarta,,,,,,,,youtube
105,DKI Jakarta,,,,,,,,youtube
106,DKI Jakarta,,,,,,,,youtube
107,DKI Jakarta,,,,,,,,youtube
108,DKI Jakarta,,,,,,,,youtube
109,DKI Jakarta,,,,,,,,youtube
110,DKI Jakarta,,,,,,,,youtube
111,DKI Jakarta,,,,,,,,youtube
112,DKI Jakarta,,,,,,,,youtube
113,DKI Jakarta,,,,,,,,youtube
114,DKI Jakarta,,,,,,,,youtube
115,DKI Jakarta,,,,,,,,youtube
116,DKI Jakarta,,,,,,,,youtube
117,DKI Jakarta,,,,,,,,youtube
118,DKI Jakarta,,,,,,,,youtube
119,DKI Jakarta,,,,,,,,youtube
120,DKI Jakarta,,,,,,,,youtube
121,DKI Jakarta,,,,,,,,youtube
122,DKI Jakarta,,,,,,,,youtube
123,DKI Jakarta,,,,,,,,youtube
124,DKI Jakarta,,,,,,,,youtube
125,DKI Jakarta,,,,,,,,youtube
126,DKI Jakarta,,,,,,,,youtube
127,DKI Jakarta,,,,,,,,youtube
128,DKI Jakarta,,,,,,,,youtube
129,DKI Jakarta,,,,,,,,youtube
130,DKI Jakarta,,,,,,,,youtube
131,DKI Jakarta,,,,,,,,youtube
132,DKI Jakarta,,,,,,,,youtube
133,DKI Jakarta,,,,,,,,youtube
134,DKI Jakarta,,,,,,,,youtube
135,DKI Jakarta,,,,,,,,youtube
136,DKI Jakarta,,,,,,,,youtube
137,DKI Jakarta,,,,,,,,youtube
138,DKI Jakarta,,,,,,,,youtube
139,DKI Jakarta,,,,,,,,youtube
140,DKI Jakarta,,,,,,,,youtube
141,DKI Jakarta,,,,,,,,youtube
142,DKI Jakarta,,,,,,,,youtube
143,DKI Jakarta,,,,,,,,youtube
144,DKI Jakarta,,,,,,,,youtube
145,DKI Jakarta,,,,,,,,youtube
146,DKI Jakarta,,,,,,,,youtube
147,DKI Jakarta,,,,,,,,youtube
148,DKI Jakarta,,,,,,,,youtube
149,DKI Jakarta,,,,,,,,youtube
150,DKI Jakarta,,,,,,,,youtube
151,DKI Jakarta,,,,,,,,youtube
152,DKI Jakarta,,,,,,,,youtube
153,DKI Jakarta,,,,,,,,youtube
154,DKI Jakarta,,,,,,,,youtube
155,DKI Jakarta,,,,,,,,youtube
156,DKI Jakarta,,,,,,,,youtube
157,DKI Jakarta,,,,,,,,youtube
158,DKI Jakarta,,,,,,,,youtube
159,DKI Jakarta,,,,,,,,youtube
160,DKI Jakarta,,,,,,,,youtube
161,DKI Jakarta,,,,,,,,youtube
162,DKI Jakarta,,,,,,,,youtube
163,DKI Jakarta,,,,,,,,youtube
164,DKI Jakarta,,,,,,,,youtube
165,DKI Jakarta,,,,,,,,youtube
166,DKI Jakarta,,,,,,,,youtube
167,DKI Jakarta,,,,,,,,youtube
168,DKI Jakarta,,,,,,,,youtube
169,DKI Jakarta,,,,,,,,youtube
170,DKI Jakarta,,,,,,,,youtube
171,DKI Jakarta,,,,,,,,youtube
172,DKI Jakarta,,,,,,,,youtube
173,DKI Jakarta,,,,,,,,youtube
174,DKI Jakarta,,,,,,,,youtube
175,DKI Jakarta,,,,,,,,youtube
176,DKI Jakarta,,,,,,,,youtube
177,DKI Jakarta,,,,,,,,youtube
178,DKI Jakarta,,,,,,,,youtube
179,DKI Jakarta,,,,,,,,youtube
180,DKI Jakarta,,,,,,,,youtube
181,DKI Jakarta,,,,,,,,youtube
182,DKI Jakarta,,,,,,,,youtube
183,DKI Jakarta,,,,,,,,youtube
184,DKI Jakarta,,,,,,,,youtube
185,DKI Jakarta,,,,,,,,youtube
186,DKI Jakarta,,,,,,,,youtube
187,DKI Jakarta,,,,,,,,youtube
188,DKI Jakarta,,,,,,,,youtube
189,DKI Jakarta,,,,,,,,youtube
190,DKI Jakarta,,,,,,,,youtube
191,DKI Jakarta,,,,,,,,youtube
192,DKI Jakarta,,,,,,,,youtube
193,DKI Jakarta,,,,,,,,youtube
194,DKI Jakarta,,,,,,,,youtube
195,DKI Jakarta,,,,,,,,youtube
196,DKI Jakarta,,,,,,,,youtube
197,DKI Jakarta,,,,,,,,youtube
198,DKI Jakarta,,,,,,,,youtube
199,DKI Jakarta,,,,,,,,youtube
200,DKI Jakarta,,,,,,,,youtube
201,DKI Jakarta,,,,,,,,youtube
202,DKI Jakarta,,,,,,,,youtube
203,DKI Jakarta,,,,,,,,youtube
204,DKI Jakarta,,,,,,,,youtube
205,DKI Jakarta,,,,,,,,youtube
206,DKI Jakarta,,,,,,,,youtube
207,DKI Jakarta,,,,,,,,youtube
208,DKI Jakarta,,,,,,,,youtube
209,DKI Jakarta,,,,,,,,youtube
210,DKI Jakarta,,,,,,,,youtube
211,DKI Jakarta,,,,,,,,youtube
212,DKI Jakarta,,,,,,,,youtube
213,DKI Jakarta,,,,,,,,youtube
214,DKI Jakarta,,,,,,,,youtube
215,DKI Jakarta,,,,,,,,youtube
216,DKI Jakarta,,,,,,,,youtube
217,DKI Jakarta,,,,,,,,youtube
218,DKI Jakarta,,,,,,,,youtube
219,DKI Jakarta,,,,,,,,youtube
220,DKI Jakarta,,,,,,,,youtube
221,DKI Jakarta,,,,,,,,youtube
222,DKI Jakarta,,,,,,,,youtube
223,DKI Jakarta,,,,,,,,youtube
224,DKI Jakarta,,,,,,,,youtube
225,DKI Jakarta,,,,,,,,youtube
226,DKI Jakarta,,,,,,,,youtube
227,DKI Jakarta,,,,,,,,youtube
228,DKI Jakarta,,,,,,,,youtube
229,DKI Jakarta,,,,,,,,youtube
230,DKI Jakarta,,,,,,,,youtube
231,DKI Jakarta,,,,,,,,youtube
232,DKI Jakarta,,,,,,,,youtube
233,DKI Jakarta,,,,,,,,youtube
234,DKI Jakarta,,,,,,,,youtube
235,DKI Jakarta,,,,,,,,youtube
236,DKI Jakarta,,,,,,,,youtube
237,DKI Jakarta,,,,,,,,youtube
238,DKI Jakarta,,,,,,,,youtube
239,DKI Jakarta,,,,,,,,youtube
240,DKI Jakarta,,,,,,,,youtube
241,DKI Jakarta,,,,,,,,youtube
242,DKI Jakarta,,,,,,,,youtube
243,DKI Jakarta,,,,,,,,youtube
244,DKI Jakarta,,,,,,,,youtube
245,DKI Jakarta,,,,,,,,youtube
246,DKI Jakarta,,,,,,,,youtube
247,DKI Jakarta,,,,,,,,youtube
248,DKI Jakarta,,,,,,,,youtube
249,DKI Jakarta,,,,,,,,youtube
250,DKI Jakarta,,,,,,,,youtube
251,DKI Jakarta,,,,,,,,youtube
252,DKI Jakarta,,,,,,,,youtube
253,DKI Jakarta,,,,,,,,youtube
254,DKI Jakarta,,,,,,,,youtube
255,DKI Jakarta,,,,,,,,youtube
256,DKI Jakarta,,,,,,,,youtube
257,DKI Jakarta,,,,,,,,youtube
258,DKI Jakarta,,,,,,,,youtube
259,DKI Jakarta,,,,,,,,youtube
260,DKI Jakarta,,,,,,,,youtube
261,DKI Jakarta,,,,,,,,youtube
262,DKI Jakarta,,,,,,,,youtube
263,DKI Jakarta,,,,,,,,youtube
264,DKI Jakarta,,,,,,,,youtube
265,DKI Jakarta,,,,,,,,youtube
266,DKI Jakarta,,,,,,,,youtube
267,DKI Jakarta,,,,,,,,youtube
268,DKI Jakarta,,,,,,,,youtube
269,DKI Jakarta,,,,,,,,youtube
270,DKI Jakarta,,,,,,,,youtube
271,DKI Jakarta,,,,,,,,youtube
272,DKI Jakarta,,,,,,,,youtube
273,DKI Jakarta,,,,,,,,youtube
274,DKI Jakarta,,,,,,,,youtube
275,DKI Jakarta,,,,,,,,youtube
276,DKI Jakarta,,,,,,,,youtube
277,DKI Jakarta,,,,,,,,youtube
278,DKI Jakarta,,,,,,,,youtube
279,DKI Jakarta,,,,,,,,youtube
280,DKI Jakarta,,,,,,,,youtube
281,DKI Jakarta,,,,,,,,youtube
282,DKI Jakarta,,,,,,,,youtube
283,DKI Jakarta,,,,,,,,youtube
284,DKI Jakarta,,,,,,,,youtube
285,DKI Jakarta,,,,,,,,youtube
286,DKI Jakarta,,,,,,,,youtube
287,DKI Jakarta,,,,,,,,youtube
288,DKI Jakarta,,,,,,,,youtube
289,DKI Jakarta,,,,,,,,youtube
290,DKI Jakarta,,,,,,,,youtube
291,DKI Jakarta,,,,,,,,youtube
292,DKI Jakarta,,,,,,,,youtube
293,DKI Jakarta,,,,,,,,youtube
294,DKI Jakarta,,,,,,,,youtube
295,DKI Jakarta,,,,,,,,youtube
296,DKI Jakarta,,,,,,,,youtube
297,DKI Jakarta,,,,,,,,youtube
298,DKI Jakarta,,,,,,,,youtube
299,DKI Jakarta,,,,,,,,youtube
300,DKI Jakarta,,,,,,,,youtube
301,DKI Jakarta,,,,,,,,youtube
302,DKI Jakarta,,,,,,,,youtube
303,DKI Jakarta,,,,,,,,youtube
304,DKI Jakarta,,,,,,,,youtube
305,DKI Jakarta,,,,,,,,youtube
306,DKI Jakarta,,,,,,,,youtube
307,DKI Jakarta,,,,,,,,youtube
308,DKI Jakarta,,,,,,,,youtube
309,DKI Jakarta,,,,,,,,youtube
310,DKI Jakarta,,,,,,,,youtube
311,DKI Jakarta,,,,,,,,youtube
312,DKI Jakarta,,,,,,,,youtube
313,DKI Jakarta,,,,,,,,youtube
314,DKI Jakarta,,,,,,,,youtube
315,DKI Jakarta,,,,,,,,youtube
316,DKI Jakarta,,,,,,,,youtube
317,DKI Jakarta,,,,,,,,youtube
318,DKI Jakarta,,,,,,,,youtube
319,DKI Jakarta,,,,,,,,youtube
320,DKI Jakarta,,,,,,,,youtube
321,DKI Jakarta,,,,,,,,youtube
322,DKI Jakarta,,,,,,,,youtube
323,DKI Jakarta,,,,,,,,youtube
324,DKI Jakarta,,,,,,,,youtube
325,DKI Jakarta,,,,,,,,youtube
326,DKI Jakarta,,,,,,,,youtube
327,DKI Jakarta,,,,,,,,youtube
328,DKI Jakarta,,,,,,,,youtube
329,DKI Jakarta,,,,,,,,youtube
330,DKI Jakarta,,,,,,,,youtube
331,DKI Jakarta,,,,,,,,youtube
332,DKI Jakarta,,,,,,,,youtube
333,DKI Jakarta,,,,,,,,youtube
334,DKI Jakarta,,,,,,,,youtube
335,DKI Jakarta,,,,,,,,youtube
336,DKI Jakarta,,,,,,,,youtube
337,DKI Jakarta,,,,,,,,youtube
338,DKI Jakarta,,,,,,,,youtube
339,DKI Jakarta,,,,,,,,youtube
340,DKI Jakarta,,,,,,,,youtube
341,DKI Jakarta,,,,,,,,youtube
342,DKI Jakarta,,,,,,,,youtube
343,DKI Jakarta,,,,,,,,youtube
344,DKI Jakarta,,,,,,,,youtube
345,DKI Jakarta,,,,,,,,youtube
346,DKI Jakarta,,,,,,,,youtube
347,DKI Jakarta,,,,,,,,youtube
348,DKI Jakarta,,,,,,,,youtube
349,DKI Jakarta,,,,,,,,youtube
350,DKI Jakarta,,,,,,,,youtube
351,DKI Jakarta,,,,,,,,youtube
352,DKI Jakarta,,,,,,,,youtube
353,DKI Jakarta,,,,,,,,youtube
354,DKI Jakarta,,,,,,,,youtube
355,DKI Jakarta,,,,,,,,youtube
356,DKI Jakarta,,,,,,,,youtube
357,DKI Jakarta,,,,,,,,youtube
358,DKI Jakarta,,,,,,,,youtube
359,DKI Jakarta,,,,,,,,youtube
360,DKI Jakarta,,,,,,,,youtube
361,DKI Jakarta,,,,,,,,youtube
362,DKI Jakarta,,,,,,,,youtube
363,DKI Jakarta,,,,,,,,youtube
364,DKI Jakarta,,,,,,,,youtube
365,DKI Jakarta,,,,,,,,youtube
366,DKI Jakarta,,,,,,,,youtube
367,DKI Jakarta,,,,,,,,youtube
368,DKI Jakarta,,,,,,,,youtube
369,DKI Jakarta,,,,,,,,youtube
370,DKI Jakarta,,,,,,,,youtube
371,DKI Jakarta,,,,,,,,youtube
372,DKI Jakarta,,,,,,,,youtube
373,DKI Jakarta,,,,,,,,youtube
374,DKI Jakarta,,,,,,,,youtube
375,DKI Jakarta,,,,,,,,youtube
376,DKI Jakarta,,,,,,,,youtube
377,DKI Jakarta,,,,,,,,youtube
378,DKI Jakarta,,,,,,,,youtube
379,DKI Jakarta,,,,,,,,youtube
380,DKI Jakarta,,,,,,,,youtube
381,Jawa Barat,,,,,,,,youtube
382,Jawa Barat,,,,,,,,youtube
383,Jawa Barat,,,,,,,,youtube
384,Jawa Barat,,,,,,,,youtube
385,Jawa Barat,,,,,,,,youtube
386,Jawa Barat,,,,,,,,youtube
387,Jawa Barat,,,,,,,,youtube
388,Jawa Barat,,,,,,,,youtube
389,Jawa Barat,,,,,,,,youtube
390,Jawa Barat,,,,,,,,youtube
391,Jawa Barat,,,,,,,,youtube
392,Jawa Barat,,,,,,,,youtube
393,Jawa Barat,,,,,,,,youtube
394,Jawa Barat,,,,,,,,youtube
395,Jawa Barat,,,,,,,,youtube
396,Jawa Barat,,,,,,,,youtube
397,Jawa Barat,,,,,,,,youtube
398,Jawa Barat,,,,,,,,youtube
399,Jawa Barat,,,,,,,,youtube
400,Jawa Barat,,,,,,,,youtube
401,Jawa Barat,,,,,,,,youtube
402,Jawa Barat,,,,,,,,youtube
403,Jawa Barat,,,,,,,,youtube
404,Jawa Barat,,,,,,,,youtube
405,Jawa Barat,,,,,,,,youtube
406,Jawa Barat,,,,,,,,youtube
407,Jawa Barat,,,,,,,,youtube
408,Jawa Barat,,,,,,,,youtube
409,Jawa Barat,,,,,,,,youtube
410,Jawa Barat,,,,,,,,youtube
411,Jawa Barat,,,,,,,,youtube
412,Jawa Barat,,,,,,,,youtube
413,Jawa Barat,,,,,,,,youtube
414,Jawa Barat,,,,,,,,youtube
415,Jawa Barat,,,,,,,,youtube
416,Jawa Barat,,,,,,,,youtube
417,Jawa Barat,,,,,,,,youtube
418,Jawa Barat,,,,,,,,youtube
419,Jawa Barat,,,,,,,,youtube
420,Jawa Barat,,,,,,,,youtube
421,Jawa Barat,,,,,,,,youtube
422,Jawa Barat,,,,,,,,youtube
423,Jawa Barat,,,,,,,,youtube
424,Jawa Barat,,,,,,,,youtube
425,Jawa Barat,,,,,,,,youtube
426,Jawa Barat,,,,,,,,youtube
427,Jawa Barat,,,,,,,,youtube
428,Jawa Barat,,,,,,,,youtube
429,Jawa Barat,,,,,,,,youtube
430,Jawa Barat,,,,,,,,youtube
431,Jawa Barat,,,,,,,,youtube
432,Jawa Barat,,,,,,,,youtube
433,Jawa Barat,,,,,,,,youtube
434,Jawa Barat,,,,,,,,youtube
435,Jawa Barat,,,,,,,,youtube
436,Jawa Barat,,,,,,,,youtube
437,Jawa Barat,,,,,,,,youtube
438,Jawa Barat,,,,,,,,youtube
439,Jawa Barat,,,,,,,,youtube
440,Jawa Barat,,,,,,,,youtube
441,Jawa Barat,,,,,,,,youtube
442,Jawa Barat,,,,,,,,youtube
443,Jawa Barat,,,,,,,,youtube
444,Jawa Barat,,,,,,,,youtube
445,Jawa Barat,,,,,,,,youtube
446,Jawa Barat,,,,,,,,youtube
447,Jawa Barat,,,,,,,,youtube
448,Jawa Barat,,,,,,,,youtube
449,Jawa Barat,,,,,,,,youtube
450,Jawa Barat,,,,,,,,youtube
451,Jawa Barat,,,,,,,,youtube
452,Jawa Barat,,,,,,,,youtube
453,Jawa Barat,,,,,,,,youtube
454,Jawa Barat,,,,,,,,youtube
455,Jawa Barat,,,,,,,,youtube
456,Jawa Barat,,,,,,,,youtube
457,Jawa Barat,,,,,,,,youtube
458,Jawa Timur,,,,,,,,youtube
459,Jawa Timur,,,,,,,,youtube
460,Jawa Timur,,,,,,,,youtube
461,Jawa Timur,,,,,,,,youtube
462,Jawa Timur,,,,,,,,youtube
463,Jawa Timur,,,,,,,,youtube
464,Jawa Timur,,,,,,,,youtube
465,Jawa Timur,,,,,,,,youtube
466,Jawa Timur,,,,,,,,youtube
467,Jawa Timur,,,,,,,,youtube
468,Jawa Timur,,,,,,,,youtube
469,Jawa Timur,,,,,,,,youtube
470,Jawa Timur,,,,,,,,youtube
471,Jawa Timur,,,,,,,,youtube
472,Jawa Timur,,,,,,,,youtube
473,Jawa Timur,,,,,,,,youtube
474,Jawa Timur,,,,,,,,youtube
475,Jawa Timur,,,,,,,,youtube
476,Jawa Timur,,,,,,,,youtube
477,Jawa Timur,,,,,,,,youtube
478,Jawa Timur,,,,,,,,youtube
479,Jawa Timur,,,,,,,,youtube
480,Jawa Timur,,,,,,,,youtube
481,Jawa Timur,,,,,,,,youtube
482,Jawa Timur,,,,,,,,youtube
483,Jawa Timur,,,,,,,,youtube
484,Jawa Timur,,,,,,,,youtube
485,Jawa Timur,,,,,,,,youtube
486,Jawa Timur,,,,,,,,youtube
487,Jawa Timur,,,,,,,,youtube
488,Jawa Timur,,,,,,,,youtube
489,Jawa Timur,,,,,,,,youtube
490,Jawa Timur,,,,,,,,youtube
491,Jawa Timur,,,,,,,,youtube
492,Jawa Timur,,,,,,,,youtube
493,Jawa Timur,,,,,,,,youtube
494,Jawa Timur,,,,,,,,youtube
495,Jawa Timur,,,,,,,,youtube
496,Jawa Timur,,,,,,,,youtube
497,Jawa Timur,,,,,,,,youtube
498,Jawa Timur,,,,,,,,youtube
499,Jawa Timur,,,,,,,,youtube
500,Jawa Timur,,,,,,,,youtube
501,Jawa Timur,,,,,,,,youtube
502,Jawa Timur,,,,,,,,youtube
503,Jawa Timur,,,,,,,,youtube
504,Jawa Timur,,,,,,,,youtube
505,Jawa Timur,,,,,,,,youtube
506,Jawa Timur,,,,,,,,youtube
507,Jawa Timur,,,,,,,,youtube
508,Jawa Timur,,,,,,,,youtube
509,Jawa Timur,,,,,,,,youtube
510,Jawa Timur,,,,,,,,youtube
511,Jawa Timur,,,,,,,,youtube
512,Jawa Timur,,,,,,,,youtube
513,Jawa Timur,,,,,,,,youtube
514,Jawa Timur,,,,,,,,youtube
515,Jawa Timur,,,,,,,,youtube
516,Jawa Timur,,,,,,,,youtube
517,Jawa Timur,,,,,,,,youtube
518,Jawa Timur,,,,,,,,youtube
519,Jawa Timur,,,,,,,,youtube
520,Jawa Timur,,,,,,,,youtube
521,Bali,,,,,,,,youtube
522,Bali,,,,,,,,youtube
523,Bali,,,,,,,,youtube
524,Bali,,,,,,,,youtube
525,Bali,,,,,,,,youtube
526,Bali,,,,,,,,youtube
527,Bali,,,,,,,,youtube
528,Bali,,,,,,,,youtube
529,Bali,,,,,,,,youtube
530,Bali,,,,,,,,youtube
531,Bali,,,,,,,,youtube
532,Bali,,,,,,,,youtube
533,Bali,,,,,,,,youtube
534,Bali,,,,,,,,youtube
535,Bali,,,,,,,,youtube
536,Bali,,,,,,,,youtube
537,Bali,,,,,,,,youtube
538,Bali,,,,,,,,youtube
539,Bali,,,,,,,,youtube
540,Bali,,,,,,,,youtube
541,Bali,,,,,,,,youtube
542,Bali,,,,,,,,youtube
543,Bali,,,,,,,,youtube
544,Bali,,,,,,,,youtube
545,Bali,,,,,,,,youtube
546,Bali,,,,,,,,youtube
547,Bali,,,,,,,,youtube
548,Bali,,,,,,,,youtube
549,Bali,,,,,,,,youtube
550,Bali,,,,,,,,youtube
551,Sumatera Utara,,,,,,,,youtube
552,Sumatera Utara,,,,,,,,youtube
553,Sumatera Utara,,,,,,,,youtube
554,Sumatera Utara,,,,,,,,youtube
555,Sumatera Utara,,,,,,,,youtube
556,Sumatera Utara,,,,,,,,youtube
557,Sumatera Utara,,,,,,,,youtube
558,Sumatera Utara,,,,,,,,youtube
559,Sumatera Utara,,,,,,,,youtube
560,Sumatera Utara,,,,,,,,youtube
561,Sumatera Utara,,,,,,,,youtube
562,Sumatera Utara,,,,,,,,youtube
563,Sumatera Utara,,,,,,,,youtube
564,Sumatera Utara,,,,,,,,youtube
565,Sumatera Utara,,,,,,,,youtube
566,Sumatera Utara,,,,,,,,youtube
567,Sumatera Utara,,,,,,,,youtube
568,Sumatera Utara,,,,,,,,youtube
569,Sumatera Utara,,,,,,,,youtube
570,Sumatera Utara,,,,,,,,youtube
571,Sumatera Utara,,,,,,,,youtube
572,Sumatera Utara,,,,,,,,youtube
573,Sumatera Utara,,,,,,,,youtube
574,Sumatera Utara,,,,,,,,youtube
575,Sumatera Utara,,,,,,,,youtube
576,Banten,,,,,,,,youtube
577,Banten,,,,,,,,youtube
578,Banten,,,,,,,,youtube
579,Banten,,,,,,,,youtube
580,Banten,,,,,,,,youtube
581,Banten,,,,,,,,youtube
582,Banten,,,,,,,,youtube
583,Banten,,,,,,,,youtube
584,Banten,,,,,,,,youtube
585,Banten,,,,,,,,youtube
586,Banten,,,,,,,,youtube
587,Banten,,,,,,,,youtube
588,Jawa Tengah,,,,,,,,youtube
589,Jawa Tengah,,,,,,,,youtube
590,Jawa Tengah,,,,,,,,youtube
591,Jawa Tengah,,,,,,,,youtube
592,Jawa Tengah,,,,,,,,youtube
593,Jawa Tengah,,,,,,,,youtube
594,Jawa Tengah,,,,,,,,youtube
595,Jawa Tengah,,,,,,,,youtube
596,Jawa Tengah,,,,,,,,youtube
597,Jawa Tengah,,,,,,,,youtube
598,Sulawesi Selatan,,,,,,,,youtube
599,Sulawesi Selatan,,,,,,,,youtube
600,Sulawesi Selatan,,,,,,,,youtube
601,Sulawesi Selatan,,,,,,,,youtube
602,Sulawesi Selatan,,,,,,,,youtube
603,Sulawesi Selatan,,,,,,,,youtube
604,Sulawesi Selatan,,,,,,,,youtube
605,Sulawesi Selatan,,,,,,,,youtube
606,Sulawesi Selatan,,,,,,,,youtube
607,Sulawesi Selatan,,,,,,,,youtube
608,Jawa Barat,,Male,19,Student,18,21,Semoga kualitas singer vtuber bisa terus berkembang,form
609,DI Yogyakarta,,Male,16,Student,20,22,no feedback dulu,form
610,Jawa Barat,,Male,24,Student,15,17,Nice,form
611,Jawa Barat,,Male,23,Student,20,23,"Oshi saya sering Guerilla Stream jadi gak tentu jam berapa, tapi ya seringnya stream malam dan diantara jam 20.00-00.00",form
612,Bali,,Male,23,Worker,20,21,Pecinta Vtuber Singer Bahasa Fiksi (Fictional Language),form
613,Sulawesi Selatan,,Male,20,Student,15,20,Jangan lupa stream game yg gw request kemarin,form
614,Jawa Barat,,Male,19,Worker,19,22,HIDUP JOKOWI,form
615,Jawa Tengah,,Male,33,Worker,17,19,semua bisa nyanyi intinya cari suara lo,form
616,Kalimantan Timur,,Male,10,Student,0,21,ga ada sih,form
617,Jawa Barat,,Female,34,Worker,19,23,Aku harap vtuber kesukaanku bisa bermain lebih banyak game horror karena dia lucu kalau teriak XD,form
618,Jawa Barat,,Female,29,Student,19,21,Salah satu alasan saya menonton Singer VTuber adalah karena mudah menemukan lagu-lagu baru dan aransemen yang berbeda dari versi aslinya. Banyak Singer VTuber yang memiliki kualitas vokal yang sangat,form
619,DKI Jakarta,,Female,17,Worker,12,1,Mantap,form
620,DKI Jakarta,,Male,16,Worker,20,21,Tidak Ada,form
621,Jawa Barat,,Male,18,Worker,23,0,ta lu poke,form
622,Jawa Barat,,Male,22,Student,19,22,Pesan yang ingin disampaikan ialah semoga semakin banyak pituber singer berkualitas diluar sana yang bisa saya oshikan 👍,form
623,Jawa Barat,,Male,23,Student,19,21,unik dan menarik untuk ditonton,form
624,Jawa Barat,,Male,32,Worker,19,22,terus berkarya walau AI mulai menguasai dunia,form
625,Jawa Barat,,Male,35,Worker,20,22,Makasih ya udah jadi temen nyanyi aku (/thanks for doing karaoke with us),form
626,DKI Jakarta,,Male,16,Worker,20,22,Boleh dikurangi sfx nya,form
627,DKI Jakarta,,Male,33,Student,19,20,"semoga para VTuber Singer terus menghasilkan karya yang menginspirasi, membangun komunitas yang positif, dan selalu menikmati setiap perjalanan dalam berkarya.",form
628,Sulawesi Tengah,,Male,22,Student,19,22,Sebut namaku kak😘,form
629,DKI Jakarta,,Male,33,Worker,19,22,Suara nya jangan jangan pake voice changer,form
630,Jawa Barat,,Male,29,Worker,10,23,Berusaha dan pertahankan bakat kalian,form
